plant_id,gt_stem,gt_internode_1,gt_internode_2,gt_internode_3,gt_internode_4,gt_internode_5,gt_internode_6,gt_internode_7,gt_internode_8,gt_internode_9,gt_internode_10,gt_internode_11,gt_internode_12,gt_internode_13,gt_internode_14,gt_internode_15,gt_leaf_1,gt_leaf_2,gt_leaf_3,gt_leaf_4,gt_leaf_5,gt_leaf_6,gt_leaf_7,gt_leaf_8,gt_leaf_9,gt_leaf_10,gt_leaf_11,gt_leaf_12,gt_leaf_13,gt_leaf_14,gt_leaf_15,gt_leaf_16,pred_stem,pred_internode_1,pred_internode_2,pred_internode_3,pred_internode_4,pred_internode_5,pred_internode_6,pred_internode_7,pred_internode_8,pred_internode_9,pred_internode_10,pred_internode_11,pred_internode_12,pred_internode_13,pred_internode_14,pred_internode_15,pred_leaf_1,pred_leaf_2,pred_leaf_3,pred_leaf_4,pred_leaf_5,pred_leaf_6,pred_leaf_7,pred_leaf_8,pred_leaf_9,pred_leaf_10,pred_leaf_11,pred_leaf_12,pred_leaf_13,pred_leaf_14,pred_leaf_15,pred_leaf_16
plant_0001,1.9725,0.1122,0.138,0.1634,0.1369,0.1687,0.0158,0.1932,0.1474,0.1713,0.1501,0.1434,,,,,0.9914,0.7678,1.2218,0.9341,1.1053,0.3428,0.9723,0.4414,1.0791,0.7572,0.8004,0.7991,,,,,1.9313,0.1125,0.1458,0.1554,0.1483,0.1702,0.1712,0.1485,0.1935,0.1397,0.1629,0.107,,,,,0.8135,0.918,0.9959,0.9878,0.9565,0.8464,0.7995,0.8243,0.7751,0.7353,0.6573,0.6912,,,,
plant_0002,1.6831,0.1283,0.0713,0.0864,0.0525,0.0825,0.0983,0.1795,0.0693,0.1361,0.1094,0.0614,,,,,0.1398,0.9701,1.226,0.2875,1.3797,0.6752,0.6962,1.0622,1.121,0.8096,0.4917,1.0381,,,,,1.8659,0.1069,0.1414,0.1614,0.1353,0.1792,0.1688,0.1611,0.1972,0.141,0.1624,0.1105,,,,,0.8353,0.9199,0.9967,0.998,1.0,0.8813,0.8487,0.8765,0.8076,0.77,0.6951,0.6731,,,,
plant_0003,1.3952,0.1016,0.1451,0.0323,0.1496,0.0972,0.1907,0.0728,0.1521,0.0885,,,,,,,0.7188,0.6485,0.5742,0.52,0.9421,0.764,0.7464,0.6126,0.6057,0.427,,,,,,,2.1994,0.1189,0.1428,0.1604,0.142,0.1866,0.1852,0.1725,0.2173,0.1384,,,,,,,1.0264,1.1377,1.2318,1.2048,1.2123,1.096,1.0829,1.1537,1.0339,1.0256,,,,,,
plant_0004,2.1309,0.1484,0.2841,0.1779,0.1613,0.1328,0.2141,,,,,,,,,,1.079,1.2029,0.9867,1.4107,1.3219,1.1181,0.9667,,,,,,,,,,1.9142,0.1102,0.1368,0.1582,0.1377,0.1771,0.1739,,,,,,,,,,0.8558,0.9689,1.0308,1.0337,1.0095,0.929,0.8891,,,,,,,,,
plant_0005,1.9294,0.1453,0.1156,0.1341,0.1176,0.1293,0.1432,0.1276,0.1762,0.0831,0.1245,,,,,,1.1845,0.5303,1.2454,1.074,1.476,0.9383,1.2285,1.2404,1.3738,1.0105,0.6941,,,,,,2.0189,0.1155,0.1304,0.1541,0.1432,0.1722,0.1718,0.15,0.1935,0.1353,0.1634,,,,,,0.8377,0.9852,1.041,1.0635,0.993,0.9337,0.8707,0.8832,0.8388,0.8142,0.7197,,,,,
plant_0006,1.7691,0.0764,0.1382,0.0812,0.1527,0.1017,0.1838,0.1124,0.137,0.107,0.0756,0.1024,0.1065,,,,0.8211,0.7006,1.2575,1.1906,1.4742,0.8442,1.1249,1.1905,0.7992,0.1627,0.555,0.419,0.6269,,,,1.9995,0.1171,0.1473,0.163,0.1456,0.1773,0.1775,0.1531,0.1988,0.1475,0.1665,0.116,0.0,,,,0.848,0.9679,1.0285,1.0153,0.9822,0.8904,0.8754,0.8827,0.8353,0.7926,0.7136,0.7445,0.7511,,,
plant_0007,2.0591,0.0542,0.1239,0.1291,0.3296,0.1152,0.259,0.1992,0.174,0.1489,,,,,,,0.5836,0.5987,1.0911,0.6261,1.1421,0.3231,0.659,0.6355,0.474,0.3896,,,,,,,1.9451,0.1146,0.1458,0.1582,0.1463,0.177,0.1778,0.1611,0.2013,0.1405,,,,,,,0.8689,0.9652,1.0498,1.0194,1.0248,0.9133,0.8939,0.9271,0.8514,0.8204,,,,,,
plant_0008,2.0571,0.1184,0.1322,0.1459,0.1458,0.1661,0.2127,0.5833,,,,,,,,,0.9746,0.7453,0.7036,0.5445,1.2189,1.1094,0.5417,1.0325,,,,,,,,,2.0242,0.1148,0.1375,0.1544,0.1465,0.1756,0.1801,0.156,,,,,,,,,0.888,1.0093,1.0814,1.0823,1.0377,0.9698,0.9173,0.9353,,,,,,,,
plant_0009,1.619,0.1197,0.1407,0.1571,0.1124,0.1285,0.1535,0.1364,0.1636,0.0303,,,,,,,0.7195,0.4484,0.4788,1.165,0.901,0.9701,0.6173,0.4167,0.6485,0.8949,,,,,,,1.8073,0.1096,0.1394,0.1583,0.1401,0.1773,0.1753,0.1556,0.1949,0.1369,,,,,,,0.805,0.8895,0.964,0.9679,0.9529,0.8735,0.8161,0.8352,0.7864,0.749,,,,,,
plant_0010,2.1718,0.1191,0.117,0.1313,0.1497,0.1604,0.1698,0.1153,0.1165,0.3102,0.1951,,,,,,0.5548,0.7265,1.2164,0.5533,1.1502,0.9356,0.7221,0.0576,1.1517,0.7888,0.7437,,,,,,1.8259,0.1102,0.139,0.1566,0.1439,0.1714,0.1698,0.1526,0.188,0.1339,0.1563,,,,,,0.7943,0.8879,0.964,0.9634,0.9481,0.8485,0.8018,0.8275,0.7657,0.7409,0.6661,,,,,
plant_0011,2.5018,0.1367,0.1214,0.1487,0.1741,0.1572,0.1383,0.1168,0.2734,0.124,0.3465,0.1103,,,,,1.0051,1.0751,0.9131,0.8499,0.9962,1.0523,0.2649,1.1309,0.2656,0.4323,0.4451,0.4542,,,,,1.9963,0.1111,0.1426,0.1612,0.1372,0.1818,0.1802,0.1666,0.2076,0.143,0.1614,0.1196,,,,,0.9287,1.0138,1.0962,1.0822,1.0907,0.9757,0.943,0.9744,0.8996,0.8699,0.7732,0.7632,,,,
plant_0012,2.0212,0.0998,0.1527,0.1623,0.1457,0.1944,0.171,0.2042,0.1347,0.2082,,,,,,,0.91,0.9094,1.096,1.7296,1.1265,1.1173,1.1507,0.9562,1.1907,0.5871,,,,,,,1.8908,0.1093,0.1443,0.1606,0.1376,0.176,0.1696,0.1567,0.1956,0.1404,,,,,,,0.8353,0.9224,1.0001,0.9914,0.9897,0.8637,0.8245,0.8497,0.8032,0.7534,,,,,,
plant_0013,1.6896,0.0808,0.1019,0.122,0.1887,0.1994,0.1593,0.2947,0.2687,,,,,,,,0.6962,0.8003,0.3915,1.0589,1.0524,0.9758,0.3044,0.6198,0.4816,,,,,,,,1.8866,0.1096,0.1454,0.1653,0.1335,0.1815,0.1769,0.1651,0.2057,,,,,,,,0.8765,0.9571,1.0189,1.0127,1.0227,0.9145,0.8942,0.9089,0.8436,,,,,,,
plant_0014,2.2354,0.1476,0.125,0.173,0.266,0.1207,0.2033,0.1117,0.3612,,,,,,,,1.055,0.9472,1.1278,1.1719,0.6986,1.1996,0.495,1.3289,1.2691,,,,,,,,1.955,0.1106,0.1335,0.1554,0.1305,0.1829,0.1797,0.1706,0.2108,,,,,,,,0.9591,1.0398,1.1193,1.1148,1.1322,1.0328,0.978,1.0152,0.9197,,,,,,,
plant_0015,2.2828,0.155,0.1781,0.1363,0.1499,0.2137,0.1628,0.1592,0.1731,0.1225,0.1307,,,,,,0.918,0.9984,0.8043,0.2839,1.4239,0.4841,0.3281,0.6865,0.2215,1.0277,0.7215,,,,,,1.9419,0.1106,0.1448,0.1585,0.1409,0.1746,0.1717,0.1571,0.1989,0.1407,0.165,,,,,,0.8526,0.9503,1.0299,1.0177,1.0109,0.8848,0.8449,0.8718,0.8186,0.7745,0.6828,,,,,
plant_0016,1.6161,0.0922,0.0904,0.1129,0.0867,0.1524,0.1289,0.0811,0.124,0.105,0.1279,0.0956,,,,,0.8659,0.5234,0.8079,0.5143,0.4525,0.5964,0.7903,0.7768,0.7211,0.4983,0.7692,0.6246,,,,,1.8224,0.1076,0.1411,0.1577,0.1354,0.1751,0.1686,0.1585,0.1964,0.1404,0.1596,0.1075,,,,,0.8211,0.9031,0.9736,0.971,0.9708,0.855,0.8219,0.8387,0.7784,0.7419,0.6716,0.6588,,,,
plant_0017,2.2039,0.1004,0.0637,0.1261,0.1628,0.1475,0.1816,0.1261,0.2249,0.2412,0.148,,,,,,1.0167,1.3435,0.7983,1.6862,1.3231,1.5338,1.0116,0.9995,1.3893,0.2467,0.3655,,,,,,1.6351,0.1105,0.1379,0.1585,0.1252,0.1756,0.1525,0.1502,0.1807,0.1438,0.1569,,,,,,0.7262,0.8174,0.8843,0.8685,0.8905,0.7545,0.7137,0.716,0.6871,0.6228,0.5585,,,,,
plant_0018,2.045,0.1385,0.1447,0.1487,0.1806,0.1175,0.2276,0.1283,0.123,0.1769,0.097,,,,,,0.8408,0.7379,1.259,1.2618,1.4171,1.5256,1.1548,0.7311,1.069,0.9081,0.6408,,,,,,1.8337,0.1072,0.1369,0.1549,0.1373,0.1734,0.164,0.1537,0.1897,0.1348,0.1608,,,,,,0.7968,0.9043,0.9705,0.9818,0.9588,0.8551,0.8011,0.8197,0.7706,0.7383,0.6608,,,,,
plant_0019,2.316,0.1363,0.2263,0.1252,0.2585,0.1621,0.373,0.0888,0.2091,,,,,,,,0.8551,1.0953,0.502,1.3029,0.996,0.5693,1.2628,1.3671,0.9701,,,,,,,,2.1752,0.1215,0.1404,0.1561,0.1433,0.1839,0.1912,0.1605,0.2204,,,,,,,,1.0012,1.1313,1.1979,1.1788,1.1403,1.0869,1.0549,1.0601,0.9852,,,,,,,
plant_0020,2.0912,0.1113,0.136,0.1391,0.1613,0.1984,0.1279,0.1942,0.1547,0.1131,0.2414,0.0348,,,,,1.0742,1.0186,1.3323,1.2996,1.3397,0.7483,0.4019,0.5818,0.2066,0.998,0.0898,0.7764,,,,,2.0119,0.1148,0.142,0.154,0.1515,0.1672,0.1695,0.1475,0.1887,0.136,0.1588,0.1069,,,,,0.824,0.9466,1.0294,1.027,0.9727,0.8739,0.8235,0.8503,0.79,0.7694,0.6935,0.7299,,,,
plant_0021,1.959,0.1401,0.1277,0.1614,0.1476,0.2863,0.2936,0.094,0.1373,0.1038,,,,,,,0.6802,0.9526,0.9758,1.0966,1.1505,1.2658,1.3848,1.0038,0.8115,0.9503,,,,,,,1.9446,0.112,0.1466,0.1587,0.1453,0.1725,0.1724,0.1509,0.1952,0.1409,,,,,,,0.8221,0.9161,1.001,0.9951,0.9646,0.8593,0.8036,0.8306,0.7908,0.7401,,,,,,
plant_0022,2.5699,0.2994,0.1163,0.1276,0.3533,0.1373,0.1202,0.1954,0.1647,0.1367,0.1359,0.1344,0.1427,,,,1.2951,0.2661,1.5028,0.7766,0.5499,0.6346,1.058,1.0771,0.5148,1.188,1.4602,0.8803,0.4903,,,,1.8126,0.1078,0.1395,0.157,0.1326,0.1748,0.1646,0.1559,0.1934,0.1382,0.1629,0.1053,0.0,,,,0.814,0.9043,0.9703,0.9708,0.9681,0.8487,0.7989,0.8133,0.7722,0.7252,0.6466,0.6544,0.699,,,
plant_0023,1.2596,0.0788,0.1113,0.1084,0.1751,0.1493,0.1185,0.1185,0.031,,,,,,,,0.1887,0.9384,1.1829,0.9409,0.2237,0.8278,0.9753,1.1041,0.7312,,,,,,,,1.5668,0.1015,0.1258,0.1645,0.109,0.1878,0.1627,0.1717,0.1901,,,,,,,,0.8044,0.8669,0.9233,0.9371,0.9813,0.8943,0.851,0.8493,0.7738,,,,,,,
plant_0024,2.0448,0.1104,0.1467,0.1475,0.1312,0.164,0.1702,0.1527,0.1124,0.1361,0.1523,0.2217,0.1118,,,,0.5742,0.8903,1.4228,1.143,1.3433,0.5528,0.8983,0.2951,0.6559,0.6721,1.082,0.7819,0.947,,,,1.8931,0.1078,0.137,0.1542,0.1407,0.1739,0.1708,0.1547,0.1951,0.1334,0.162,0.1019,0.0,,,,0.8303,0.9292,1.0011,1.0125,0.9842,0.8898,0.8311,0.8586,0.7989,0.7746,0.6943,0.6899,0.7152,,,
plant_0025,1.5518,0.1079,0.1187,0.1202,0.1115,0.1452,0.1511,0.1519,0.1551,,,,,,,,0.867,0.9525,1.0952,0.862,0.9393,1.0229,1.3966,0.9189,0.5229,,,,,,,,1.9399,0.1083,0.1384,0.1606,0.1282,0.1797,0.169,0.1706,0.2063,,,,,,,,0.9217,0.9998,1.079,1.075,1.1054,0.9612,0.9346,0.9669,0.8706,,,,,,,
plant_0026,2.0041,0.1453,0.1367,0.1605,0.1791,0.1045,0.1987,0.1382,0.1536,0.1289,0.0338,0.1123,,,,,0.5258,0.9298,0.6353,0.7295,0.0901,0.8056,0.5505,1.5142,0.5977,1.0528,1.1023,0.9683,,,,,1.9111,0.1097,0.1404,0.1547,0.1424,0.1703,0.1644,0.1566,0.1935,0.1356,0.1572,0.1085,,,,,0.8328,0.9439,1.0101,1.0024,0.9904,0.8651,0.8457,0.8697,0.8006,0.7738,0.6894,0.7125,,,,
plant_0027,2.3675,0.1456,0.1492,0.1022,0.1414,0.1146,0.1906,0.0331,0.0891,0.3215,0.1429,,,,,,0.7576,1.1723,1.2511,0.6326,1.4578,1.2513,1.0152,1.0803,0.9617,1.2681,0.9823,,,,,,1.8785,0.1076,0.1385,0.1601,0.1357,0.1768,0.1722,0.1631,0.1984,0.1406,0.1591,,,,,,0.8624,0.9441,1.0214,1.0109,1.0289,0.9001,0.8752,0.9084,0.8254,0.7964,0.7133,,,,,
plant_0028,2.0491,0.1418,0.1887,0.1898,0.1824,0.1724,0.1311,0.1691,0.1683,0.1389,,,,,,,1.0574,0.3784,1.3074,1.3509,1.4907,1.3783,1.4782,0.9222,0.5226,0.8781,,,,,,,1.7794,0.1083,0.1356,0.158,0.1302,0.1749,0.1633,0.1569,0.1885,0.1352,,,,,,,0.8104,0.9121,0.9694,0.9774,0.9756,0.8614,0.8073,0.8171,0.775,0.7388,,,,,,
plant_0029,2.3903,0.1668,0.0913,0.1506,0.2899,0.1127,0.1368,0.1442,0.1267,0.0529,0.0344,0.1701,,,,,1.181,1.2168,1.0462,1.5724,0.5784,1.2958,0.9979,1.2384,0.5208,1.2256,1.2346,1.0526,,,,,1.8982,0.1082,0.14,0.1649,0.1272,0.1842,0.1783,0.1719,0.2069,0.1465,0.1588,0.1238,,,,,0.9155,0.9788,1.0572,1.0485,1.0824,0.9606,0.9321,0.9562,0.8769,0.8407,0.7563,0.7254,,,,
plant_0030,2.1607,0.0872,0.1365,0.1009,0.1492,0.1717,0.2294,0.1034,0.2304,0.1213,0.1991,0.0118,0.1167,,,,0.9472,1.3215,0.6601,1.0765,1.2683,0.3014,1.0569,0.4343,1.1428,1.3622,0.2727,1.1313,0.6543,,,,2.1315,0.1168,0.1416,0.161,0.1383,0.1897,0.1915,0.1741,0.2202,0.1455,0.1532,0.1354,0.0,,,,1.0417,1.1103,1.2276,1.1759,1.2246,1.0976,1.0756,1.149,1.0154,1.007,0.8874,0.8605,0.8118,,,
plant_0031,1.5948,0.0952,0.1201,0.1184,0.1949,0.0617,0.0624,0.3475,0.0597,,,,,,,,0.1101,1.0824,1.1037,0.3653,1.4487,0.8915,0.9073,0.5761,0.997,,,,,,,,1.9795,0.1122,0.1407,0.1495,0.1445,0.1689,0.1684,0.1589,0.2024,,,,,,,,0.8663,0.9779,1.0471,1.0451,1.0175,0.9084,0.8767,0.9036,0.8214,,,,,,,
plant_0032,1.7574,0.1141,0.0989,0.1291,0.0282,0.0458,0.1322,0.0885,0.149,0.1602,0.0916,0.138,0.076,,,,0.456,1.1394,0.7014,1.1156,1.5013,1.4815,0.5065,0.0195,1.0246,0.5353,0.7235,0.5266,0.8407,,,,1.9804,0.1115,0.1435,0.1576,0.1491,0.1728,0.1735,0.1501,0.1925,0.1393,0.1649,0.1081,0.0,,,,0.83,0.9337,1.0226,1.0127,0.983,0.8707,0.829,0.8616,0.8019,0.7662,0.6881,0.7128,0.7349,,,
plant_0033,2.0396,0.2651,0.1608,0.2997,0.1497,0.1625,0.1702,0.1669,0.1405,,,,,,,,0.3603,0.8456,0.1206,0.2213,1.0874,0.2918,0.2802,0.557,0.5873,,,,,,,,2.0272,0.1161,0.1358,0.1515,0.1423,0.1768,0.1817,0.166,0.209,,,,,,,,0.9516,1.0502,1.1334,1.1131,1.1194,1.0162,0.9891,1.0343,0.9154,,,,,,,
plant_0034,2.2434,0.1222,0.1727,0.1467,0.1216,0.1233,0.0371,0.2627,0.1098,0.1405,0.2662,0.2188,,,,,0.7931,0.6291,1.3403,1.677,0.7527,0.6082,1.2362,0.8327,0.1875,0.19,1.2213,0.2765,,,,,1.9505,0.1104,0.1409,0.1599,0.1316,0.179,0.1739,0.1664,0.2096,0.1424,0.1632,0.1148,,,,,0.9054,0.999,1.0612,1.0706,1.0555,0.9567,0.9141,0.9249,0.8695,0.8349,0.7494,0.7456,,,,
plant_0035,2.221,0.126,0.1776,0.2134,0.1586,0.1248,0.1735,0.2216,0.1522,0.1297,0.051,,,,,,0.912,0.6652,1.3559,0.3899,1.0224,1.2291,1.3237,0.9417,1.322,1.1964,1.1928,,,,,,1.9256,0.1082,0.1326,0.1557,0.1321,0.1768,0.1697,0.1646,0.2034,0.1382,0.1593,,,,,,0.8838,0.9978,1.0571,1.069,1.0544,0.9628,0.9229,0.9382,0.8669,0.8499,0.755,,,,,
plant_0036,1.9262,0.1066,0.0992,0.1016,0.1148,0.2045,0.0991,0.1886,0.2844,0.2352,,,,,,,0.8345,0.9182,1.0935,0.4866,1.807,1.0417,1.3826,0.9519,0.6544,0.924,,,,,,,1.9283,0.1116,0.1382,0.1609,0.1335,0.1774,0.1718,0.1543,0.1996,0.1447,,,,,,,0.8622,0.979,1.0307,1.0319,1.005,0.9125,0.8719,0.873,0.8404,0.7978,,,,,,
plant_0037,1.7135,0.1009,0.1151,0.1348,0.1124,0.1709,0.1146,0.146,0.139,0.126,0.097,0.0498,,,,,0.1623,0.6957,0.9997,1.4641,0.6025,1.5078,0.4945,0.2675,0.9905,0.7329,0.3715,0.5727,,,,,2.0125,0.1128,0.1426,0.1627,0.1352,0.1813,0.1786,0.1652,0.2087,0.1472,0.1656,0.1203,,,,,0.9165,1.026,1.0896,1.0844,1.0762,0.9768,0.9544,0.9648,0.9058,0.8699,0.775,0.7815,,,,
plant_0038,1.502,0.0588,0.0791,0.1227,0.1355,0.149,0.1601,0.1535,0.1329,,,,,,,,0.4901,0.7165,0.7419,0.8077,0.0692,1.0145,0.4169,0.893,0.5835,,,,,,,,1.8067,0.1097,0.1417,0.1618,0.1314,0.1782,0.1674,0.1562,0.1951,,,,,,,,0.8118,0.8986,0.9647,0.9636,0.9597,0.8493,0.8102,0.8186,0.7813,,,,,,,
plant_0039,2.3838,0.1495,0.1204,0.1356,0.1022,0.1252,0.1247,0.1504,0.2022,0.1733,0.2312,0.105,0.1179,0.1444,0.1017,,1.0833,1.2534,1.1965,1.2899,1.7594,0.8664,0.5507,1.599,0.7818,1.6704,1.1892,0.9907,0.9527,0.7476,0.4602,,1.625,0.1093,0.138,0.1626,0.1219,0.1783,0.1531,0.1536,0.1805,0.1476,0.1575,0.1071,0.0,0.0,0.0,,0.7274,0.8188,0.8839,0.8694,0.8973,0.7608,0.7348,0.7329,0.6986,0.6334,0.5723,0.5804,0.6382,0.4498,0.6809,
plant_0040,1.8101,0.1059,0.1188,0.119,0.0859,0.1557,0.1391,0.1148,0.0867,0.1617,0.0949,0.1648,,,,,0.8369,0.4882,0.8148,0.8882,1.2949,1.2338,0.5676,0.9202,0.3266,0.3922,0.9365,0.3131,,,,,1.8851,0.11,0.1437,0.1594,0.1409,0.1731,0.1684,0.1531,0.1895,0.1419,0.16,0.1076,,,,,0.8033,0.8944,0.9831,0.9701,0.9575,0.831,0.7915,0.8135,0.7669,0.7172,0.6499,0.6719,,,,
plant_0041,2.5194,0.0981,0.1332,0.1341,0.1225,0.1433,0.1329,0.1084,0.0751,0.2903,0.1812,0.1431,0.2024,0.0637,0.1551,0.1164,0.2346,0.4928,0.5569,0.5431,1.2997,0.4111,0.7298,0.2288,0.9617,0.4781,0.2751,0.5663,0.9903,0.3647,0.5112,0.2608,2.0231,0.1142,0.1451,0.1527,0.1462,0.1696,0.1729,0.1571,0.2035,0.1421,0.1586,0.1132,0.0,0.0,0.0,0.0099,0.8797,0.9971,1.0575,1.0438,1.0198,0.9049,0.8892,0.9116,0.8402,0.817,0.7285,0.7564,0.7431,0.5093,0.8152,0.3321
plant_0042,2.9239,0.1453,0.116,0.2612,0.0715,0.477,0.2877,0.1429,0.1056,0.2379,0.2662,0.0705,,,,,0.4228,1.2317,1.0695,1.7052,1.039,2.0169,1.9622,0.7317,0.883,1.727,1.4548,1.4234,,,,,1.6987,0.1007,0.1297,0.1692,0.1079,0.1914,0.1686,0.1792,0.201,0.1505,0.1545,0.1261,,,,,0.8734,0.9279,0.9938,1.0129,1.0536,0.9491,0.915,0.9155,0.842,0.7975,0.7377,0.6897,,,,
plant_0043,1.9196,0.1562,0.1915,0.0924,0.0992,0.2323,0.1053,0.1715,0.0599,0.1412,0.301,,,,,,1.1284,1.4919,1.3661,1.2028,1.429,1.7343,0.632,0.9988,1.2032,0.6529,0.9567,,,,,,1.8562,0.1072,0.1374,0.1595,0.1278,0.1774,0.1672,0.1663,0.201,0.1419,0.1561,,,,,,0.8751,0.9624,1.0225,1.0188,1.0428,0.9102,0.8915,0.9015,0.8281,0.8022,0.7205,,,,,
plant_0044,1.4119,0.0856,0.1087,0.1123,0.1247,0.1016,0.1884,0.1236,0.1594,,,,,,,,0.4092,0.8086,0.6534,1.0454,0.9458,0.552,1.1492,0.8611,0.768,,,,,,,,1.9052,0.1082,0.1435,0.1642,0.134,0.1806,0.1757,0.166,0.2037,,,,,,,,0.8704,0.9484,1.0258,1.0232,1.029,0.9179,0.8862,0.9048,0.8462,,,,,,,
plant_0045,1.9112,0.1507,0.1232,0.1935,0.1571,0.1574,0.1182,0.136,0.1067,0.2488,0.0,,,,,,1.1666,1.3122,0.4131,0.4047,1.163,1.216,1.2717,0.9642,1.0283,0.7922,0.5293,,,,,,1.881,0.1081,0.1401,0.1561,0.1381,0.1732,0.1671,0.1536,0.193,0.1389,0.1638,,,,,,0.8335,0.9285,1.0062,0.9959,0.9905,0.8653,0.8172,0.8437,0.7925,0.7518,0.6677,,,,,
plant_0046,1.5064,0.0955,0.1306,0.1295,0.1643,0.1674,0.1125,0.1786,,,,,,,,,1.0014,1.1039,1.364,1.3874,1.3207,1.3984,0.86,1.241,,,,,,,,,1.7106,0.1057,0.1366,0.1644,0.1219,0.1813,0.1637,0.1648,,,,,,,,,0.8072,0.892,0.9469,0.9509,0.9751,0.8578,0.8301,0.8336,,,,,,,,
plant_0047,2.0615,0.1324,0.1599,0.1659,0.1489,0.176,0.181,0.1861,0.1109,0.1357,,,,,,,0.808,1.2314,1.3843,0.5383,1.0043,1.3771,0.8838,1.0273,1.0507,0.6049,,,,,,,1.9012,0.112,0.1406,0.1543,0.148,0.17,0.1673,0.1479,0.1875,0.1335,,,,,,,0.7846,0.8861,0.9805,0.9708,0.9417,0.8286,0.773,0.8046,0.7414,0.7157,,,,,,
plant_0048,1.4768,0.1075,0.132,0.1714,0.1819,0.1561,0.1311,0.1321,0.0759,,,,,,,,0.7287,0.088,1.4221,0.9342,1.5013,0.9632,0.54,0.802,0.6784,,,,,,,,1.944,0.1111,0.1381,0.1634,0.1323,0.1845,0.1825,0.1706,0.2112,,,,,,,,0.9208,1.0026,1.0821,1.0874,1.0834,0.9996,0.9494,0.9624,0.9022,,,,,,,
plant_0049,1.9168,0.0466,0.1436,0.1613,0.1753,0.1869,0.2071,0.1977,0.0887,0.0691,,,,,,,0.1017,0.4712,1.0215,0.4436,1.359,0.3841,1.0449,0.9811,1.0198,0.6985,,,,,,,1.7479,0.1098,0.138,0.157,0.1354,0.174,0.1647,0.1498,0.1858,0.1372,,,,,,,0.7765,0.8728,0.9391,0.94,0.9282,0.8265,0.7618,0.7745,0.7427,0.6965,,,,,,
plant_0050,2.0285,0.1813,0.1286,0.1675,0.1601,0.1688,0.0623,0.1938,0.0907,0.1394,0.1054,0.1141,0.1834,,,,0.6721,1.1228,1.1664,1.2258,1.404,1.3601,0.4657,0.9048,0.3592,0.0982,1.1125,0.9071,0.6983,,,,1.9238,0.1088,0.1407,0.1624,0.1311,0.1823,0.1766,0.1702,0.2099,0.1448,0.1623,0.1187,0.0,,,,0.9074,0.986,1.0596,1.0622,1.0672,0.9588,0.9238,0.9407,0.8748,0.8372,0.7538,0.7346,0.7458,,,
plant_0051,1.7644,0.0805,0.1072,0.1011,0.1457,0.1083,0.1576,0.1123,0.1123,0.0998,0.1461,0.0722,,,,,0.5688,1.4095,0.3591,1.5468,0.6036,1.708,1.1504,1.2094,0.8713,0.9544,0.3037,0.6087,,,,,1.9901,0.1115,0.1441,0.1545,0.1447,0.1693,0.1672,0.158,0.195,0.1365,0.1555,0.1144,,,,,0.8654,0.9795,1.0546,1.035,1.0352,0.8882,0.8747,0.9054,0.827,0.8036,0.71,0.7337,,,,
plant_0052,1.8056,0.1089,0.1883,0.0839,0.1913,0.1974,0.3221,0.046,,,,,,,,,1.1943,1.3784,1.2967,1.3383,1.2421,0.7373,1.2157,0.7963,,,,,,,,,1.5003,0.1006,0.1267,0.1647,0.1087,0.186,0.1557,0.1638,,,,,,,,,0.7472,0.8267,0.874,0.8856,0.9282,0.8306,0.8047,0.7914,,,,,,,,
plant_0053,1.6576,0.0611,0.106,0.0898,0.121,0.1029,0.1497,0.1964,0.2083,,,,,,,,0.9327,1.2022,1.4595,1.4713,1.0331,1.2841,1.1275,1.0725,0.9015,,,,,,,,2.1158,0.1175,0.1401,0.1557,0.1461,0.1729,0.1756,0.1526,0.2031,,,,,,,,0.9071,1.0497,1.1113,1.1139,1.0553,0.9734,0.9289,0.9473,0.8905,,,,,,,
plant_0054,2.1523,0.1526,0.1175,0.1425,0.2044,0.1814,0.0739,0.1551,0.1738,0.1706,0.093,0.3161,,,,,1.1768,0.3354,1.0653,0.8637,1.0509,1.0706,1.2328,1.4468,1.0147,1.2223,0.8968,0.6255,,,,,2.1152,0.1166,0.1342,0.1557,0.1398,0.1775,0.1784,0.1633,0.2085,0.1392,0.1621,0.1135,,,,,0.9376,1.0788,1.1411,1.1526,1.1066,1.0345,0.9913,1.0132,0.9476,0.9303,0.8124,0.8293,,,,
plant_0055,2.091,0.0924,0.1122,0.1336,0.147,0.0996,0.1158,0.1525,0.119,0.1272,0.21,0.147,0.0687,,,,0.6443,0.9611,1.4906,0.8809,1.329,1.4393,0.3924,0.173,1.0856,0.9904,0.7864,0.1927,0.2931,,,,2.2204,0.1277,0.1434,0.1553,0.1553,0.1726,0.1781,0.1487,0.2046,0.1441,0.1687,0.113,0.0,,,,0.9112,1.0832,1.1338,1.1372,1.0483,0.9908,0.9711,0.9884,0.9153,0.9117,0.7936,0.87,0.8176,,,
plant_0056,1.6544,0.0756,0.1077,0.1105,0.1078,0.1756,0.128,0.1136,0.1395,0.4324,,,,,,,0.9599,0.6983,1.1413,0.9903,1.2353,1.2142,1.2871,1.1126,0.8755,0.7064,,,,,,,1.8179,0.108,0.1398,0.1623,0.1307,0.1802,0.1714,0.1638,0.1993,0.1432,,,,,,,0.8399,0.9128,0.9847,0.9871,1.0027,0.8864,0.8497,0.8646,0.805,0.7635,,,,,,
plant_0057,1.4434,0.077,0.0803,0.1303,0.0325,0.1152,0.118,0.1314,0.0782,0.1729,,,,,,,0.6922,0.8581,0.8143,0.9068,1.1317,1.1429,0.8344,0.6953,0.7756,0.3061,,,,,,,1.9199,0.1104,0.1408,0.1567,0.1371,0.174,0.1701,0.1595,0.1961,0.1378,,,,,,,0.8576,0.9584,1.0312,1.0272,1.0183,0.9003,0.8483,0.8727,0.8246,0.7845,,,,,,
plant_0058,2.2421,0.0661,0.0962,0.1803,0.0993,0.1324,0.1731,0.5412,0.2359,,,,,,,,0.7001,1.0424,0.9437,1.5884,1.348,1.2974,1.1014,1.5536,0.3373,,,,,,,,1.9415,0.1097,0.1392,0.1586,0.1368,0.1775,0.1721,0.162,0.2004,,,,,,,,0.8859,0.9888,1.0565,1.0558,1.0468,0.9381,0.9001,0.9229,0.8579,,,,,,,
plant_0059,1.9891,0.1406,0.132,0.2179,0.21,0.1946,0.192,0.2459,,,,,,,,,1.0096,0.6674,1.2751,1.5597,1.437,1.4351,1.1399,1.0207,,,,,,,,,1.8484,0.1089,0.1378,0.1578,0.1383,0.1761,0.1682,0.1527,,,,,,,,,0.8133,0.9101,0.9859,0.9855,0.9696,0.8626,0.8083,0.8343,,,,,,,,
plant_0060,1.8297,0.1163,0.1493,0.1462,0.1653,0.1524,0.1332,0.256,0.1207,,,,,,,,1.0408,1.1584,0.5194,1.3188,0.7147,1.08,1.278,0.884,1.2398,,,,,,,,1.8026,0.1062,0.1338,0.1624,0.1231,0.1841,0.1693,0.1743,0.2027,,,,,,,,0.8841,0.9606,1.03,1.0365,1.0691,0.9562,0.9084,0.9333,0.8589,,,,,,,
plant_0061,2.2115,0.1331,0.2598,0.1434,0.1253,0.1351,0.0878,0.1365,0.0664,0.0996,0.1299,,,,,,0.8128,1.3324,0.7778,1.4476,1.2814,1.2734,1.0399,0.3813,0.5326,0.3115,0.3256,,,,,,2.0889,0.1135,0.1409,0.1652,0.1301,0.1922,0.1929,0.1803,0.2277,0.1552,0.1595,,,,,,1.034,1.1005,1.1946,1.1791,1.1972,1.1008,1.0749,1.1008,1.0096,0.979,0.8874,,,,,
plant_0062,1.9731,0.1016,0.1006,0.1291,0.1507,0.2815,0.1266,0.1046,0.1205,0.2114,0.0296,0.2406,,,,,0.8266,1.1168,0.8287,1.205,1.2769,0.587,1.2939,1.3059,1.0518,0.6827,0.8966,0.6963,,,,,2.0633,0.1117,0.145,0.1652,0.1296,0.1873,0.1834,0.1745,0.2228,0.1557,0.1627,0.1296,,,,,0.986,1.066,1.1424,1.132,1.1387,1.0248,1.0157,1.0294,0.9516,0.9129,0.8262,0.8153,,,,
plant_0063,1.1683,0.0718,0.0777,0.0844,0.1508,0.106,0.0976,0.1246,0.0292,,,,,,,,0.7753,0.9369,0.9035,0.4726,0.8749,0.9733,0.8949,0.6579,0.2593,,,,,,,,1.6889,0.1078,0.1373,0.1631,0.123,0.1778,0.1612,0.1618,0.1881,,,,,,,,0.7943,0.8709,0.9351,0.9321,0.9612,0.8362,0.794,0.8019,0.7579,,,,,,,
plant_0064,1.8354,0.0921,0.1286,0.1388,0.1964,0.1008,0.0558,0.1256,0.1259,0.063,0.0794,0.0625,,,,,0.8937,0.7538,0.4018,1.3952,1.5929,0.8425,1.1986,0.804,0.74,1.315,0.7429,0.3734,,,,,1.9949,0.1126,0.135,0.1609,0.1258,0.1893,0.1895,0.1781,0.2202,0.1552,0.1556,0.1364,,,,,1.0088,1.0679,1.1645,1.145,1.1753,1.082,1.0456,1.0642,0.9647,0.9463,0.8663,0.8079,,,,
plant_0065,1.949,0.1373,0.1755,0.1626,0.1903,0.1548,0.0972,0.197,0.1141,0.5549,,,,,,,0.7824,1.2051,1.2005,0.3297,1.3017,1.1417,1.1269,1.2442,0.9286,0.9998,,,,,,,1.7935,0.1108,0.1349,0.157,0.1325,0.1775,0.1696,0.156,0.1911,0.1374,,,,,,,0.8231,0.9247,0.9854,0.9857,0.9788,0.8898,0.8279,0.833,0.7955,0.7605,,,,,,
plant_0066,1.16,0.0581,0.078,0.1235,0.0805,0.1594,0.1238,0.0405,0.1303,,,,,,,,0.6101,0.8204,0.8988,1.3114,1.1897,0.7163,1.019,0.5409,0.2558,,,,,,,,2.148,0.1225,0.1311,0.1534,0.1386,0.1878,0.1942,0.1657,0.2197,,,,,,,,1.0047,1.1386,1.2148,1.1998,1.1698,1.1356,1.0874,1.0883,1.0214,,,,,,,
plant_0067,2.6606,0.1276,0.1564,0.1609,0.1766,0.2136,0.1674,0.5504,0.2138,,,,,,,,0.3131,1.1304,1.4216,1.2236,0.5002,1.4844,1.7158,0.6414,1.0281,,,,,,,,1.8084,0.1092,0.1412,0.1585,0.1342,0.1747,0.1667,0.1556,0.1922,,,,,,,,0.8106,0.8883,0.9663,0.9571,0.9654,0.8358,0.7893,0.8101,0.7643,,,,,,,
plant_0068,1.9372,0.0955,0.1168,0.0936,0.1401,0.0909,0.0844,0.1346,0.0754,0.1203,0.097,0.1418,0.3377,,,,1.052,1.1642,1.3075,1.5229,1.4843,1.3762,0.7596,0.479,0.7382,0.7684,1.2142,1.0429,1.0635,,,,2.1234,0.1171,0.138,0.1594,0.1424,0.1739,0.1734,0.1547,0.1995,0.1417,0.1665,0.1116,0.0,,,,0.9048,1.049,1.1103,1.1161,1.065,0.971,0.9289,0.9468,0.9024,0.8684,0.7551,0.8179,0.7913,,,
plant_0069,1.8196,0.0755,0.0523,0.0682,0.1161,0.0942,0.1185,0.3063,0.2059,,,,,,,,1.1926,1.5794,1.4289,1.2482,1.0092,0.9818,1.0584,1.0525,1.337,,,,,,,,1.9879,0.1135,0.1402,0.1574,0.1418,0.1748,0.1752,0.155,0.2015,,,,,,,,0.8657,0.9788,1.049,1.0535,1.0108,0.9289,0.8771,0.8918,0.8457,,,,,,,
plant_0070,1.3608,0.1006,0.1117,0.1152,0.0773,0.2795,,,,,,,,,,,0.726,0.7831,0.765,0.9866,0.6815,0.3281,,,,,,,,,,,1.9492,0.1078,0.1391,0.1586,0.1347,0.1771,,,,,,,,,,,0.889,0.9857,1.0572,1.06,1.0692,0.9363,,,,,,,,,,
plant_0071,1.843,0.1109,0.1257,0.126,0.1649,0.2037,0.0708,0.1842,0.1734,0.0484,,,,,,,1.2338,0.917,1.3192,0.1359,0.9211,0.3228,0.1547,0.8293,0.5752,0.6118,,,,,,,1.674,0.1051,0.1351,0.1646,0.1195,0.1811,0.1617,0.1652,0.1923,0.1441,,,,,,,0.7938,0.8712,0.9319,0.937,0.9667,0.8479,0.8195,0.8197,0.7641,0.7153,,,,,,
plant_0072,2.275,0.1927,0.1465,0.1247,0.135,0.1454,0.2024,0.1642,0.1664,0.1997,0.099,,,,,,0.6123,1.1179,1.0724,1.218,1.8109,0.563,1.4764,1.4785,1.1365,0.5958,1.2799,,,,,,2.0526,0.1128,0.1441,0.1573,0.1469,0.1742,0.1761,0.1557,0.2038,0.1406,0.1679,,,,,,0.8824,1.0002,1.0663,1.0637,1.0241,0.9287,0.8985,0.9241,0.8626,0.8316,0.738,,,,,
plant_0073,2.2061,0.1533,0.1467,0.1554,0.1702,0.2346,0.1537,0.1451,0.1687,0.1381,0.1417,,,,,,1.1715,0.8879,1.159,1.202,1.1029,0.7013,0.9308,0.7947,0.267,0.9631,0.1765,,,,,,1.7459,0.1062,0.1364,0.1606,0.1227,0.18,0.1639,0.1674,0.1961,0.1414,0.1563,,,,,,0.8349,0.9157,0.9768,0.979,1.007,0.8788,0.8441,0.8526,0.7964,0.7525,0.6691,,,,,
plant_0074,2.2282,0.1211,0.1472,0.1229,0.0893,0.2204,0.0782,0.2731,0.1377,0.1319,0.078,0.2128,0.1529,,,,0.4036,1.1375,1.1938,0.5194,0.8029,0.1862,0.3404,1.112,0.7502,0.1993,0.6376,0.4106,0.7271,,,,1.6173,0.105,0.1323,0.157,0.1227,0.1754,0.1524,0.1574,0.18,0.1341,0.1561,0.1019,0.0,,,,0.7552,0.847,0.9017,0.9039,0.9316,0.8034,0.7627,0.7714,0.7188,0.6843,0.6045,0.5965,0.6278,,,
plant_0075,2.0874,0.143,0.1696,0.2202,0.1858,0.1761,0.1942,0.1575,0.3158,,,,,,,,0.9426,1.0445,0.8178,0.9892,1.1024,0.4539,0.7878,0.918,0.0845,,,,,,,,1.9949,0.112,0.1438,0.1586,0.144,0.1715,0.1667,0.1503,0.1902,,,,,,,,0.8405,0.9564,1.0363,1.0219,0.9961,0.8668,0.8342,0.8603,0.8089,,,,,,,
plant_0076,1.9362,0.1613,0.1293,0.0904,0.2126,0.135,0.1269,0.1053,0.0924,0.0953,,,,,,,1.4047,1.3295,0.7956,1.2201,0.9262,0.5283,0.6014,1.1743,1.0824,0.837,,,,,,,2.013,0.1099,0.1435,0.1669,0.1313,0.1884,0.1873,0.1757,0.2185,0.1511,,,,,,,0.9718,1.0436,1.1238,1.1132,1.1257,1.0296,1.0044,1.0229,0.9507,0.9091,,,,,,
plant_0077,1.822,0.1036,0.099,0.0743,0.1327,0.12,0.1745,0.0971,0.1484,0.0938,0.1087,,,,,,0.7963,0.9132,0.9238,1.1383,0.8742,1.1234,1.2097,0.7955,1.2597,0.7988,0.9376,,,,,,1.8542,0.1084,0.1391,0.1601,0.1352,0.1785,0.1723,0.1572,0.1976,0.1441,0.1646,,,,,,0.8197,0.9198,0.9822,0.9869,0.9685,0.8775,0.8431,0.8493,0.8039,0.7574,0.6904,,,,,
plant_0078,2.1539,0.1161,0.2451,0.0874,0.1336,0.1643,0.2051,0.1031,0.2086,0.1046,0.1193,,,,,,1.078,0.0708,1.7079,1.0192,0.6908,0.8785,1.6262,1.4524,0.7267,0.1231,0.9217,,,,,,1.8359,0.1108,0.1365,0.1573,0.1304,0.1774,0.1721,0.16,0.1987,0.141,0.1607,,,,,,0.8529,0.9512,0.9997,1.007,0.9983,0.91,0.8629,0.8606,0.8164,0.7836,0.7095,,,,,
